barcode,rcbarcode,scaffold,strand,pos,locusId,f,used,enoughT0,set1IT042,set1IT043,set1IT045
AACAGGCGTCAGGTGGGAGA,TCTCCCACCTGACGCCTGTT,NC_007626,+,26,AMB_RS00005,0.011320755,FALSE,TRUE,0.684993272,-0.76159733,-1.613507136
GCTGGCATAGGCGTCGTTGG,CCAACGACGCCTATGCCAGC,NC_007626,+,26,AMB_RS00005,0.011320755,FALSE,FALSE,0.100030771,-0.176634829,-0.028544635
GGGTTCGAATCGAGGATCGG,CCGATCCTCGATTCGAACCC,NC_007626,+,26,AMB_RS00005,0.011320755,FALSE,FALSE,0.100030771,-0.176634829,-0.028544635
TTAGCATGCGCAGCGTGGTA,TACCACGCTGCGCATGCTAA,NC_007626,+,26,AMB_RS00005,0.011320755,FALSE,TRUE,3.492348194,-4.568952252,-4.420862058
AAATAGGTGAGGCATGGTAG,CTACCATGCCTCACCTATTT,NC_007626,-,27,AMB_RS00005,0.012075472,FALSE,FALSE,0.100030771,-0.176634829,-0.028544635
ACGCACTGAGTTTACGACAG,CTGTCGTAAACTCAGTGCGT,NC_007626,-,27,AMB_RS00005,0.012075472,FALSE,FALSE,0.100030771,-0.176634829,-0.028544635
AGGAGGCTGGAGCGGGTGGT,ACCACCCGCTCCAGCCTCCT,NC_007626,-,27,AMB_RS00005,0.012075472,FALSE,TRUE,2.100030771,-2.176634829,-2.028544635
CAAATTGGTGGGTGCCACCT,AGGTGGCACCCACCAATTTG,NC_007626,-,27,AMB_RS00005,0.012075472,FALSE,FALSE,0.100030771,-0.176634829,-0.028544635
CCAGGCTTGGCAAAAAGTAG,CTACTTTTTGCCAAGCCTGG,NC_007626,-,27,AMB_RS00005,0.012075472,FALSE,TRUE,1.684993272,-1.76159733,-1.613507136
GGCATGGGGGCGGTGGGGGG,CCCCCCACCGCCCCCATGCC,NC_007626,-,27,AMB_RS00005,0.012075472,FALSE,TRUE,1.684993272,-1.539204909,-1.876541542
GGTCGGTCTCATGCACAGGA,TCCTGTGCATGAGACCGACC,NC_007626,-,1360,AMB_RS00010,0.004181913,FALSE,FALSE,0.100030771,-0.176634829,-0.028544635
CGAAACGGTACAGGATTATA,TATAATCCTGTACCGTTTCG,NC_007626,-,1364,AMB_RS00010,0.00627287,FALSE,TRUE,0.04634965,0.025770046,-0.019702758
TAGGCCGTTGGCGGTGTGGG,CCCACACCGCCAACGGCCTA,NC_007626,-,1364,AMB_RS00010,0.00627287,FALSE,FALSE,0.100030771,-0.176634829,-0.028544635
GGGCTTGGTCAAGAAGGCGG,CCGCCTTCTTGACCAAGCCC,NC_007626,+,1367,AMB_RS00010,0.007841087,FALSE,FALSE,0.100030771,-0.176634829,-0.028544635
AGAATCCAGTCCACTAATTA,TAATTAGTGGACTGGATTCT,NC_007626,-,1368,AMB_RS00010,0.008363826,FALSE,FALSE,0.100030771,-0.176634829,-0.028544635